<Students>
    //SIT

    //first course
    <Student>
        <Name>Dimitar Dimitrov</Name>
        <FakNumber>34897451</FakNumber>
        <Course>FirstCourse</Course>
        <Speciality>SIT</Speciality>
        <Group>GROUP1A</Group>
        <Status>ENROLLED</Status>
        <Disciplines>[English->3, WEBDesign->4, ProgrammingConsultation->6]</Disciplines>
    </Student>
    <Student>
        <Name>Maria Ivanova</Name>
        <FakNumber>57213982</FakNumber>
        <Course>FirstCourse</Course>
        <Speciality>SIT</Speciality>
        <Group>GROUP1A</Group>
        <Status>ENROLLED</Status>
        <Disciplines>[English->5, WEBDesign->6]</Disciplines>
    </Student>
    <Student>
        <Name>Georgi Georgiev</Name>
        <FakNumber>20984637</FakNumber>
        <Course>FirstCourse</Course>
        <Speciality>SIT</Speciality>
        <Group>GROUP3A</Group>
        <Status>ENROLLED</Status>
        <Disciplines>[English->6, WEBDesign->6]</Disciplines>
    </Student>
    <Student>
        <Name>Georgi Georgiev</Name>
        <FakNumber>20984837</FakNumber>
        <Course>FirstCourse</Course>
        <Speciality>SIT</Speciality>
        <Group>GROUP3A</Group>
        <Status>ENROLLED</Status>
        <Disciplines>[English->4, WEBDesign->6]</Disciplines>
    </Student>
    <Student>
        <Name>Elena Petrova</Name>
        <FakNumber>68532147</FakNumber>
        <Course>FirstCourse</Course>
        <Speciality>SIT</Speciality>
        <Group>GROUP2A</Group>
        <Status>ENROLLED</Status>
        <Disciplines>[English->6, WEBDesign->3]</Disciplines>
    </Student>
    <Student>
        <Name>Nikolay Nikolov</Name>
        <FakNumber>41389526</FakNumber>
        <Course>FirstCourse</Course>
        <Speciality>SIT</Speciality>
        <Group>GROUP3B</Group>
        <Status>ENROLLED</Status>
        <Disciplines>[English->5, WEBDesign->6]</Disciplines>
    </Student>

    //second course
    <Student>
        <Name>Ivan Petrov</Name>
        <FakNumber>63729485</FakNumber>
        <Course>SecondCourse</Course>
        <Speciality>SIT</Speciality>
        <Group>GROUP2A</Group>
        <Status>ENROLLED</Status>
        <Disciplines>[English->6, WEBDesign->6, OOP->4, OK->4]</Disciplines>
    </Student>
    <Student>
        <Name>Maria Georgieva</Name>
        <FakNumber>57243982</FakNumber>
        <Course>SecondCourse</Course>
        <Speciality>SIT</Speciality>
        <Group>GROUP3B</Group>
        <Status>ENROLLED</Status>
        <Disciplines>[English->5, WEBDesign->4, OOP->3, OK->2]</Disciplines>
    </Student>
    <Student>
        <Name>Petar Dimitrov</Name>
        <FakNumber>20984627</FakNumber>
        <Course>SecondCourse</Course>
        <Speciality>SIT</Speciality>
        <Group>GROUP1A</Group>
        <Status>ENROLLED</Status>
        <Disciplines>[English->4, WEBDesign->5, OOP->4, OK->4]</Disciplines>
    </Student>
    <Student>
        <Name>Stefka Hristova</Name>
        <FakNumber>72643198</FakNumber>
        <Course>SecondCourse</Course>
        <Speciality>SIT</Speciality>
        <Group>GROUP2B</Group>
        <Status>ENROLLED</Status>
        <Disciplines>[English->5, WEBDesign->5, OOP->6, OK->6, ProgrammingConsultation->6]</Disciplines>
    </Student>
    <Student>
        <Name>Nikolay Ivanov</Name>
        <FakNumber>41389527</FakNumber>
        <Course>SecondCourse</Course>
        <Speciality>SIT</Speciality>
        <Group>GROUP3A</Group>
        <Status>ENROLLED</Status>
        <Disciplines>[English->3, WEBDesign->5, OOP->4, OK->4, AdvancedProgramming->5]</Disciplines>
    </Student>

    /thirdcourse
    <Student>
        <Name>Milena Dimitrova</Name>
        <FakNumber>95738162</FakNumber>
        <Course>ThirdCourse</Course>
        <Speciality>SIT</Speciality>
        <Group>GROUP1B</Group>
        <Status>ENROLLED</Status>
        <Disciplines>[English->4, WEBDesign->5, OOP->6, OK->6, PS->6, GS->3]</Disciplines>
    </Student>
    <Student>
        <Name>Georgi Petrov</Name>
        <FakNumber>60284713</FakNumber>
        <Course>ThirdCourse</Course>
        <Speciality>SIT</Speciality>
        <Group>GROUP3A</Group>
        <Status>ENROLLED</Status>
        <Disciplines>[English->4, WEBDesign->3, OOP->2, OK->2, PS->4, GS->3, AdvancedProgramming->5]</Disciplines>
    </Student>
    <Student>
        <Name>Anna Ivanova</Name>
        <FakNumber>38592647</FakNumber>
        <Course>ThirdCourse</Course>
        <Speciality>SIT</Speciality>
        <Group>GROUP2B</Group>
        <Status>ENROLLED</Status>
        <Disciplines>[English->4, WEBDesign->3, OOP->3, OK->4, PS->5, GS->5, SITTechnicalPractice->6]</Disciplines>
    </Student>
    <Student>
        <Name>Dimitar Georgiev</Name>
        <FakNumber>74028951</FakNumber>
        <Course>ThirdCourse</Course>
        <Speciality>SIT</Speciality>
        <Group>GROUP1A</Group>
        <Status>ENROLLED</Status>
        <Disciplines>[English->6, WEBDesign->6, OOP->4, OK->6, PS->4, GS->6]</Disciplines>
    </Student>
    <Student>
        <Name>Stefani Hristova</Name>
        <FakNumber>51273849</FakNumber>
        <Course>ThirdCourse</Course>
        <Speciality>SIT</Speciality>
        <Group>GROUP3B</Group>
        <Status>ENROLLED</Status>
        <Disciplines>[English->4, WEBDesign->5, OOP->6, OK->4, PS->5, GS->5, ProgrammingConsultation->4,
            SITTechnicalPractice->6]
        </Disciplines>
    </Student>

    //fourthcourse
    <Student>
        <Name>Stefan Dimitrov</Name>
        <FakNumber>83746129</FakNumber>
        <Course>FourthCourse</Course>
        <Speciality>SIT</Speciality>
        <Group>GROUP2B</Group>
        <Status>ENROLLED</Status>
        <Disciplines>[English->5, WEBDesign->4, OOP->6, OK-4, PS->4, GS->6, OOP2->4, WEBProgramming->4]</Disciplines>
    </Student>
    <Student>
        <Name>Ekaterina Petrova</Name>
        <FakNumber>29485736</FakNumber>
        <Course>FourthCourse</Course>
        <Speciality>SIT</Speciality>
        <Group>GROUP1A</Group>
        <Status>ENROLLED</Status>
        <Disciplines>[English->5, WEBDesign->6, OOP->4, OK->4, PS->6, GS->4, OOP2->4, WEBProgramming->5]</Disciplines>
    </Student>
    <Student>
        <Name>Ivo Georgiev</Name>
        <FakNumber>61829374</FakNumber>
        <Course>FourthCourse</Course>
        <Speciality>SIT</Speciality>
        <Group>GROUP3A</Group>
        <Status>ENROLLED</Status>
        <Disciplines>[English->5, WEBDesign->5, OOP->4, OK->6, PS->4, GS->4, OOP2->5, WEBProgramming->4]</Disciplines>
    </Student>
    <Student>
        <Name>Anna Ivanova</Name>
        <FakNumber>72593418</FakNumber>
        <Course>FourthCourse</Course>
        <Speciality>SIT</Speciality>
        <Group>GROUP2A</Group>
        <Status>ENROLLED</Status>
        <Disciplines>[English->5, WEBDesign->6, OOP->5, OK->5, PS->3, GS->4, OOP2->4, WEBProgramming->4]</Disciplines>
    </Student>
    <Student>
        <Name>Stoyan Petrov</Name>
        <FakNumber>50391682</FakNumber>
        <Course>FourthCourse</Course>
        <Speciality>SIT</Speciality>
        <Group>GROUP3B</Group>
        <Status>ENROLLED</Status>
        <Disciplines>[English->6, WEBDesign->5, OOP->4, OK->5, PS->4, GS->6, OOP2->4, WEBProgramming->5]</Disciplines>
    </Student>

    //interrupted students
    <Student>
        <Name>Marina Dimitrova</Name>
        <FakNumber>17654928</FakNumber>
        <Course>SecondCourse</Course>
        <Speciality>SIT</Speciality>
        <Group>GROUP1B</Group>
        <Status>INTERRUPTED</Status>
        <Disciplines>[English->2, WEBDesign->2, OOP->4, OK->6]</Disciplines>
    </Student>
    <Student>
        <Name>Pavel Ivanov</Name>
        <FakNumber>83921746</FakNumber>
        <Course>ThirdCourse</Course>
        <Speciality>SIT</Speciality>
        <Group>GROUP1A</Group>
        <Status>INTERRUPTED</Status>
        <Disciplines>[English->3, WEBDesign->2, OOP->3, OK->6, PS->5, GS->6]</Disciplines>
    </Student>
    <Student>
        <Name>Veronika Georgieva</Name>
        <FakNumber>49273661</FakNumber>
        <Course>FirstCourse</Course>
        <Speciality>SIT</Speciality>
        <Group>GROUP3B</Group>
        <Status>INTERRUPTED</Status>
        <Disciplines>[English->2, WEBDesign->2]</Disciplines>
    </Student>

    //graduated students
    <Student>
        <Name>Diana Ivanova</Name>
        <FakNumber>62573918</FakNumber>
        <Course>FourthCourse</Course>
        <Speciality>SIT</Speciality>
        <Group>GROUP2A</Group>
        <Status>GRADUATED</Status>
        <Disciplines>[English->4, WEBDesign->5, OOP->4, OK->6, PS->4, GS->4, OOP2->6, WEBProgramming->5, SITTechnicalPractice->6]</Disciplines>
    </Student>
    <Student>
        <Name>Vladimir Petrov</Name>
        <FakNumber>38475629</FakNumber>
        <Course>FourthCourse</Course>
        <Speciality>SIT</Speciality>
        <Group>GROUP3A</Group>
        <Status>ENROLLED</Status>
        <Disciplines>[English->6, WEBDesign->5, OOP->3, OK->5, PS->4, GS->4, OOP2->5, WEBProgramming->4, ProgrammingConsultation->6]</Disciplines>
    </Student>
    <Student>
        <Name>Simona Dimitrova</Name>
        <FakNumber>92738156</FakNumber>
        <Course>FourthCourse</Course>
        <Speciality>SIT</Speciality>
        <Group>GROUP2B</Group>
        <Status>ENROLLED</Status>
        <Disciplines>[English->4, WEBDesign->6, OOP->3, OK->4, PS->3, GS->4, OOP2->5, WEBProgramming->5, AdvancedProgramming->6]</Disciplines>
    </Student>

    //KST
    //firstcourse
    <Student>
        <Name>Radoslav Georgiev</Name>
        <FakNumber>52834761</FakNumber>
        <Course>FirstCourse</Course>
        <Speciality>KST</Speciality>
        <Group>GROUP1A</Group>
        <Status>ENROLLED</Status>
        <Disciplines>[HardwareBasics->4, German->4, ProgrammingConsultation->6]</Disciplines>
    </Student>
    <Student>
        <Name>Elisaveta Ivanova</Name>
        <FakNumber>72918364</FakNumber>
        <Course>FirstCourse</Course>
        <Speciality>KST</Speciality>
        <Group>GROUP2B</Group>
        <Status>ENROLLED</Status>
        <Disciplines>[HardwareBasics->6, German->4]</Disciplines>
    </Student>
    <Student>
        <Name>Pavel Petrov</Name>
        <FakNumber>48193725</FakNumber>
        <Course>FirstCourse</Course>
        <Speciality>KST</Speciality>
        <Group>GROUP3A</Group>
        <Status>ENROLLED</Status>
        <Disciplines>[HardwareBasics->4, German->6]</Disciplines>
    </Student>
    <Student>
        <Name>Mariya Dimitrova</Name>
        <FakNumber>63847219</FakNumber>
        <Course>FirstCourse</Course>
        <Speciality>KST</Speciality>
        <Group>GROUP1B</Group>
        <Status>ENROLLED</Status>
        <Disciplines>[HardwareBasics->5, German->5, ProgrammingConsultation->6]</Disciplines>
    </Student>
    <Student>
        <Name>Stefan Petrov</Name>
        <FakNumber>92736184</FakNumber>
        <Course>FirstCourse</Course>
        <Speciality>KST</Speciality>
        <Group>GROUP3B</Group>
        <Status>ENROLLED</Status>
        <Disciplines>[HardwareBasics->5, German->3]</Disciplines>
    </Student>

    //secondcourse
    <Student>
        <Name>Antonia Ivanova</Name>
        <FakNumber>57293618</FakNumber>
        <Course>SecondCourse</Course>
        <Speciality>KST</Speciality>
        <Group>GROUP1A</Group>
        <Status>ENROLLED</Status>
        <Disciplines>[HardwareBasics->4, German->6, DigitalSystems->6, AssemblerProgramming->6, Electronics->5]</Disciplines>
    </Student>
    <Student>
        <Name>Viktor Georgiev</Name>
        <FakNumber>38461927</FakNumber>
        <Course>SecondCourse</Course>
        <Speciality>KST</Speciality>
        <Group>GROUP2B</Group>
        <Status>ENROLLED</Status>
        <Disciplines>[HardwareBasics->4, German->6, DigitalSystems->4, AssemblerProgramming->6, ProgrammingConsultation->5]</Disciplines>
    </Student>
    <Student>
        <Name>Elena Petrova</Name>
        <FakNumber>71936582</FakNumber>
        <Course>SecondCourse</Course>
        <Speciality>KST</Speciality>
        <Group>GROUP3A</Group>
        <Status>ENROLLED</Status>
        <Disciplines>[HardwareBasics->6, German->4, DigitalSystems->5, AssemblerProgramming->5]</Disciplines>
    </Student>
    <Student>
        <Name>Stoyan Dimitrov</Name>
        <FakNumber>92736518</FakNumber>
        <Course>SecondCourse</Course>
        <Speciality>KST</Speciality>
        <Group>GROUP1B</Group>
        <Status>ENROLLED</Status>
        <Disciplines>[HardwareBasics->5, German->4, DigitalSystems->5, AssemblerProgramming->3]</Disciplines>
    </Student>
    <Student>
        <Name>Simona Ivanova</Name>
        <FakNumber>61389427</FakNumber>
        <Course>SecondCourse</Course>
        <Speciality>KST</Speciality>
        <Group>GROUP3B</Group>
        <Status>ENROLLED</Status>
        <Disciplines>[HardwareBasics->4, German->2, DigitalSystems->3, AssemblerProgramming->2]</Disciplines>
    </Student>

    //thirdcourse
    <Student>
        <Name>Emilia Petrova</Name>
        <FakNumber>63829714</FakNumber>
        <Course>ThirdCourse</Course>
        <Speciality>KST</Speciality>
        <Group>GROUP2A</Group>
        <Status>ENROLLED</Status>
        <Disciplines>[HardwareBasics->3, German->4, DigitalSystems->6, AssemblerProgramming->5, Mechatronics->4, IOTDevelopment->5, Electronics->4, KSTTechnicalPractice->6]</Disciplines>
    </Student>
    <Student>
        <Name>Valentin Dimitrov</Name>
        <FakNumber>59273614</FakNumber>
        <Course>ThirdCourse</Course>
        <Speciality>KST</Speciality>
        <Group>GROUP3B</Group>
        <Status>ENROLLED</Status>
        <Disciplines>[HardwareBasics->6, German->3, DigitalSystems->4, AssemblerProgramming->6, Mechatronics->6, IOTDevelopment->, ProgrammingConsultation->4]</Disciplines>
    </Student>
    <Student>
        <Name>Anastasia Ivanova</Name>
        <FakNumber>82736195</FakNumber>
        <Course>ThirdCourse</Course>
        <Speciality>KST</Speciality>
        <Group>GROUP1A</Group>
        <Status>ENROLLED</Status>
        <Disciplines>[HardwareBasics->4, German->5, DigitalSystems->4, AssemblerProgramming->4, Mechatronics->6, IOTDevelopment->4]</Disciplines>
    </Student>
    <Student>
        <Name>Georgi Georgiev</Name>
        <FakNumber>41982736</FakNumber>
        <Course>ThirdCourse</Course>
        <Speciality>KST</Speciality>
        <Group>GROUP2B</Group>
        <Status>ENROLLED</Status>
        <Disciplines>[HardwareBasics->5, German->5, DigitalSystems->4, AssemblerProgramming->5, Mechatronics->6, IOTDevelopment->5, ProgrammingConsultation-6]</Disciplines>
    </Student>
    <Student>
        <Name>Maria Petrova</Name>
        <FakNumber>73649182</FakNumber>
        <Course>ThirdCourse</Course>
        <Speciality>KST</Speciality>
        <Group>GROUP3A</Group>
        <Status>ENROLLED</Status>
        <Disciplines>[HardwareBasics->4, German->4, DigitalSystems->5, AssemblerProgramming->4, Mechatronics->6, IOTDevelopment->5]</Disciplines>
    </Student>

    //fourthcourse
    <Student>
        <Name>Anna Petrova</Name>
        <FakNumber>83746192</FakNumber>
        <Course>FourthCourse</Course>
        <Speciality>KST</Speciality>
        <Group>GROUP1A</Group>
        <Status>ENROLLED</Status>
        <Disciplines>[HardwareBasics->4, German->5, DigitalSystems->4, AssemblerProgramming->6, Mechatronics->6, IOTDevelopment->6, Microcontrollers->3, Robotics->6, ProgrammingConsultation->5, KSTTechnicalPractice->4]</Disciplines>
    </Student>
    <Student>
        <Name>Petar Georgiev</Name>
        <FakNumber>83746142</FakNumber>
        <Course>FourthCourse</Course>
        <Speciality>KST</Speciality>
        <Group>GROUP2A</Group>
        <Status>ENROLLED</Status>
        <Disciplines>[HardwareBasics->6, German->4, DigitalSystems->4, AssemblerProgramming->4, Mechatronics->6, IOTDevelopment->6, Microcontrollers->4, Robotics->4, Electronics->6]</Disciplines>
    </Student>
    <Student>
        <Name>Emilia Ivanova</Name>
        <FakNumber>29485236</FakNumber>
        <Course>FourthCourse</Course>
        <Speciality>KST</Speciality>
        <Group>GROUP3A</Group>
        <Status>ENROLLED</Status>
        <Disciplines>[HardwareBasics->6, German->6, DigitalSystems->5, AssemblerProgramming->4, Mechatronics->6, IOTDevelopment->5, Microcontrollers->4, Robotics->4]</Disciplines>
    </Student>
    <Student>
        <Name>Dimitar Petrov</Name>
        <FakNumber>50392764</FakNumber>
        <Course>FourthCourse</Course>
        <Speciality>KST</Speciality>
        <Group>GROUP1B</Group>
        <Status>ENROLLED</Status>
        <Disciplines>[HardwareBasics->5, German->4, DigitalSystems->5, AssemblerProgramming->5, Mechatronics->6, IOTDevelopment->6, Microcontrollers->5, Robotics->6]</Disciplines>
    </Student>
    <Student>
        <Name>Stoyan Dimitrov</Name>
        <FakNumber>61827394</FakNumber>
        <Course>FourthCourse</Course>
        <Speciality>KST</Speciality>
        <Group>GROUP3B</Group>
        <Status>ENROLLED</Status>
        <Disciplines>[HardwareBasics->3, German->3, DigitalSystems->3, AssemblerProgramming->4, Mechatronics->6, IOTDevelopment->5, Microcontrollers->5, Robotics->3]</Disciplines>
    </Student>

    //interrupted students
    <Student>
        <Name>Nikolai Ivanov</Name>
        <FakNumber>84629371</FakNumber>
        <Course>FirstCourse</Course>
        <Speciality>KST</Speciality>
        <Group>GROUP1A</Group>
        <Status>INTERRUPTED</Status>
        <Disciplines>[HardwareBasics->2, German->3]</Disciplines>
    </Student>
    <Student>
        <Name>Ekaterina Georgieva</Name>
        <FakNumber>57293608</FakNumber>
        <Course>SecondCourse</Course>
        <Speciality>KST</Speciality>
        <Group>GROUP2B</Group>
        <Status>INTERRUPTED</Status>
        <Disciplines>[HardwareBasics->2, German->4, DigitalSystems->2, AssemblerProgramming->5]</Disciplines>
    </Student>
    <Student>
        <Name>Stefani Petrova</Name>
        <FakNumber>71936572</FakNumber>
        <Course>ThirdCourse</Course>
        <Speciality>KST</Speciality>
        <Group>GROUP3A</Group>
        <Status>INTERRUPTED</Status>
        <Disciplines>[HardwareBasics->4, German->3, DigitalSystems->4, AssemblerProgramming->3, Mechatronics->2, IOTDevelopment->2]</Disciplines>
    </Student>

    //graduated
    <Student>
        <Name>Antonia Georgieva</Name>
        <FakNumber>92736183</FakNumber>
        <Course>FourthCourse</Course>
        <Speciality>KST</Speciality>
        <Group>GROUP1A</Group>
        <Status>GRADUATED</Status>
        <Disciplines>[HardwareBasics->4, German->6, DigitalSystems->6, AssemblerProgramming->5, Mechatronics->6, IOTDevelopment->6, Microcontrollers->5, Robotics->6, Electronics->4]</Disciplines>
    </Student>
    <Student>
        <Name>Martin Ivanov</Name>
        <FakNumber>38475620</FakNumber>
        <Course>FourthCourse</Course>
        <Speciality>KST</Speciality>
        <Group>GROUP2A</Group>
        <Status>GRADUATED</Status>
        <Disciplines>[HardwareBasics->4, German->4, DigitalSystems->4, AssemblerProgramming->5, Mechatronics->6, IOTDevelopment->5, Microcontrollers->5, Robotics->4, KSTTechnicalPractice->5]</Disciplines>
    </Student>
    <Student>
        <Name>Veronika Petrova</Name>
        <FakNumber>49273651</FakNumber>
        <Course>FourthCourse</Course>
        <Speciality>KST</Speciality>
        <Group>GROUP3B</Group>
        <Status>GRADUATED</Status>
        <Disciplines>[HardwareBasics->4, German->4, DigitalSystems->4, AssemblerProgramming->5, Mechatronics->6, IOTDevelopment->5, Microcontrollers->5, Robotics->4, ProgrammingConsultation->6]</Disciplines>
    </Student>
</Students>